{"epoch": [0, 1, 2, 3, 4, 5, 6, 7, 8, 9, 10, 11, 12, 13, 14, 15, 16, 17, 18, 19, 20, 21, 22, 23, 24, 25, 26, 27, 28, 29, 30, 31, 32, 33, 34, 35, 36, 37, 38, 39, 40, 41, 42, 43, 44, 45, 46, 47, 48, 49], "lr": [[0.00029970401913059856], [0.00029881724462366507], [0.0002973431761730496], [0.0002952876312534889], [0.00029265872216169145], [0.0002894668240008082], [0.0002857245337346405], [0.0002814466204731792], [0.00027664996718567466], [0.00027135350407127013], [0.0002655781338501544], [0.00025934664927007453], [0.0002526836431537736], [0.0002456154113423546], [0.00023816984891760946], [0.00023037634011287451], [0.0002222656423468867], [0.00021386976483830298], [0.0002052218422799382], [0.00019635600407127016], [0.0001873072396252923], [0.0001781112602812857], [0.00016880435836847776], [0.00015942326397679928], [0.0001500049999999999], [0.00014058673602320056], [0.0001312056416315221], [0.00012189873971871416], [0.00011270276037470753], [0.00010365399592872975], [9.478815772006172e-05], [8.614023516169688e-05], [7.774435765311315e-05], [6.963365988712532e-05], [6.184015108239046e-05], [5.439458865764524e-05], [4.73263568462263e-05], [4.066335072992538e-05], [3.443186614984549e-05], [2.8656495928729755e-05], [2.336003281432527e-05], [1.856337952682067e-05], [1.4285466265359418e-05], [1.0543175999191731e-05], [7.35127783830844e-06], [4.7223687465109944e-06], [2.6668238269503327e-06], [1.1927553763349064e-06], [3.0598086940140724e-07], [1e-08]], "train_loss": [2.247034013271332, 2.1887120604515076, 2.150619685649872, 2.1239588260650635, 2.100970685482025, 2.0790759921073914, 2.0566925406455994, 2.0336564779281616, 2.0100340843200684, 1.9851324558258057, 1.9577917456626892, 1.9283053278923035, 1.8979361057281494, 1.8673930764198303, 1.8360498547554016, 1.8047168254852295, 1.7731281518936157, 1.7420997023582458, 1.7113656997680664, 1.680619239807129, 1.6511470675468445, 1.6226449012756348, 1.5947954654693604, 1.5681895017623901, 1.5427894592285156, 1.518993318080902, 1.4963380694389343, 1.4753674864768982, 1.4560162425041199, 1.438211739063263, 1.4218050837516785, 1.40687757730484, 1.3933892846107483, 1.3812736868858337, 1.3704742789268494, 1.3609104752540588, 1.352513074874878, 1.345205307006836, 1.3389384746551514, 1.333615005016327, 1.329164445400238, 1.3255057334899902, 1.322561800479889, 1.320256769657135, 1.318510890007019, 1.3172470331192017, 1.316384196281433, 1.3158466219902039, 1.315558671951294, 1.3154402375221252], "val_loss": [0.7246271371841431, 0.7265309691429138, 0.7261781096458435, 0.7237721085548401, 0.7189409732818604, 0.712181806564331, 0.7044245600700378, 0.6954770088195801, 0.6854158639907837, 0.6754684448242188, 0.664160966873169, 0.6521889567375183, 0.6410335302352905, 0.6294090747833252, 0.6140515804290771, 0.5992358326911926, 0.586414098739624, 0.5748758316040039, 0.5648535490036011, 0.5579838156700134, 0.549402117729187, 0.5405274629592896, 0.5340290069580078, 0.5276690721511841, 0.5224272012710571, 0.5179062485694885, 0.5149390697479248, 0.510997474193573, 0.5069682598114014, 0.5025324821472168, 0.4982280731201172, 0.49369335174560547, 0.48935145139694214, 0.4851217269897461, 0.48187166452407837, 0.47904837131500244, 0.4764484167098999, 0.47420018911361694, 0.4724889397621155, 0.4712480306625366, 0.4701201915740967, 0.4693044424057007, 0.4687660336494446, 0.468342661857605, 0.46803027391433716, 0.46782970428466797, 0.46772581338882446, 0.46767276525497437, 0.46767252683639526, 0.46769440174102783]}