{"epoch": [0, 1, 2, 3, 4, 5, 6, 7, 8, 9], "lr": [[0.00029265872216169156], [0.00027135350407127024], [0.0002381698489176095], [0.00019635600407127025], [0.000150005], [0.00010365399592872978], [6.184015108239051e-05], [2.8656495928729782e-05], [7.351277838308448e-06], [1e-08]], "train_loss": [2.17069548368454, 2.1182891130447388, 2.0867459177970886, 2.060805916786194, 2.039764165878296, 2.0232731103897095, 2.010714530944824, 2.002032518386841, 1.9968563914299011, 1.994586169719696], "val_loss": [0.7156422138214111, 0.7150589227676392, 0.7135511636734009, 0.7112044095993042, 0.7080404758453369, 0.7041259407997131, 0.6995434761047363, 0.6948212385177612, 0.6904876232147217, 0.6868537068367004]}